{"xy_sens": 4.1, "targeting_sens": 50.8, "xy_scale": 2.439024390243903, "targeting_scale": 4.801229114653352}